{
  "version": 1,
  "author": "Anonymous maker",
  "editor": "wokwi",
  "parts": [
    { "type": "board-esp32-devkit-c-v4", "id": "esp", "top": 19.2, "left": -100.76, "attrs": {} },
    {
      "type": "wokwi-pushbutton",
      "id": "btn1",
      "top": 140.6,
      "left": 86.4,
      "attrs": { "color": "green", "xray": "1" }
    },
    {
      "type": "wokwi-pushbutton",
      "id": "btn2",
      "top": 198.2,
      "left": 86.4,
      "attrs": { "color": "red", "xray": "1" }
    },
    {
      "type": "wokwi-resistor",
      "id": "r1",
      "top": 100.8,
      "left": 18.65,
      "rotate": 90,
      "attrs": { "value": "1000" }
    },
    {
      "type": "wokwi-resistor",
      "id": "r2",
      "top": 100.8,
      "left": 28.25,
      "rotate": 90,
      "attrs": { "value": "1000" }
    },
    {
      "type": "wokwi-lcd1602",
      "id": "lcd1",
      "top": -51.2,
      "left": 101.6,
      "attrs": { "pins": "i2c" }
    }
  ],
  "connections": [
    [ "esp:TX", "$serialMonitor:RX", "", [] ],
    [ "esp:RX", "$serialMonitor:TX", "", [] ],
    [ "btn2:1.l", "esp:2", "green", [ "h-57.6", "v-28.8" ] ],
    [ "btn2:1.l", "r1:2", "green", [ "v-19.2", "h-38.4" ] ],
    [ "btn2:2.r", "esp:GND.3", "green", [ "h19.4", "v-124.6" ] ],
    [ "btn1:1.l", "esp:4", "green", [ "h-67.2", "v9.6" ] ],
    [ "btn1:2.r", "esp:GND.3", "green", [ "h19.4", "v-67" ] ],
    [ "btn1:1.l", "r2:2", "green", [ "h9.6", "v-9.6", "h-28.8" ] ],
    [ "r1:1", "lcd1:VCC", "green", [ "v0", "v-86.5" ] ],
    [ "r2:1", "lcd1:VCC", "green", [ "v-86.4", "h19.2" ] ],
    [ "esp:3V3", "lcd1:VCC", "green", [ "v-57.6", "h182.55" ] ],
    [ "esp:GND.2", "lcd1:GND", "black", [ "h38.4", "v-67.2" ] ],
    [ "esp:22", "lcd1:SCL", "green", [ "h67.2", "v-57.9" ] ],
    [ "esp:21", "lcd1:SDA", "green", [ "h86.4", "v-96.2" ] ]
  ],
  "dependencies": {}
}